h,linear_control_relative_difference,mismatch_fraction,mismatch_time_bound,observed_delta,observed_relative,predicted_delta,predicted_relative,relative_prediction_error,resolved,seed,sign_correct,status,task,tau0,tau_minus,tau_plus
0.1,5.050675245387237e-16,0.0004892685833484772,8.76740836211686e-09,1.791941821016607e-05,1.4783622954689497e-05,1.4926028953540924e-05,1.2314059623584322e-05,0.1670472345428566,True,101,True,MEASURED,u,1.212112772700407,1.2120988045786085,1.2121167239968187
0.1,3.4344594458471095e-15,0.00011295839196897667,1.3521692386487684e-08,0.00011970507149394738,0.00013422135882262473,0.00013051387238294566,0.00014634091169084132,0.09029526279966175,True,101,True,MEASURED,v,0.8918481569847553,0.8917836171332957,0.8919033222047896
0.1,1.077330258390572e-15,7.535898351205564e-05,6.333702387989068e-09,8.40470783018965e-05,5.233670219311571e-05,8.906430487551748e-05,5.546096419394081e-05,0.05969543112015305,True,101,True,MEASURED,z,1.6058917505305088,1.6058435788218377,1.6059276259001396
0.3,0.0,5.675011100778751e-07,1.1025428782514263e-10,0.00019428030336365865,0.00016028236624454587,0.0001343342605818683,0.00011082653661225889,0.3085544017788663,True,101,True,MEASURED,u,1.212112772700407,1.211917446168671,1.2121117264720347
0.3,0.0,2.2559906257413616e-07,1.70041647735329e-10,0.0007537338400041005,0.0008451369598075924,0.0011746248514465105,0.0013170682052175715,0.5584080070494384,True,101,True,MEASURED,v,0.8918481569847553,0.8914226250086126,0.8921763588486167
0.3,0.0,1.376557581255973e-07,7.964928941846773e-11,0.0005786121154902624,0.00036030580224296997,0.000801578743879657,0.0004991486777454671,0.3853473206320151,True,101,True,MEASURED,z,1.6058917505305088,1.6055118710537801,1.6060904831692704
0.1,1.763881484757333e-15,5.027586845507621e-07,2.590583374379114e-10,-0.0005152737195766033,-0.000460430745492622,-0.0005924670694713646,-0.0005294080487952677,0.14981037643097833,True,102,True,MEASURED,u,1.119112319541789,1.1193532576156804,1.1188379838961038
0.1,1.4892595993861023e-15,8.190738088691486e-07,2.6505684330333926e-10,-0.0003236055657417358,-0.00038046408486001843,-0.00037208279190577666,-0.00043745891264296717,0.1498034375673554,True,102,True,MEASURED,v,0.850554831899042,0.8507034958960222,0.8503798903302805
0.1,1.7253416311061087e-15,4.259074110162693e-07,1.911209825766722e-10,-0.0004487383352185237,-0.00033834955017279897,-0.0005124839902774863,-0.00038641389418336185,0.1420552915941986,True,102,True,MEASURED,z,1.326256633086546,1.3264663243253794,1.3260175859901608
0.3,3.207057245013331e-16,4.11271204727605e-06,1.1480621861146298e-08,-0.0027914966399726904,-0.0024943846933216185,-0.0053322036252422805,-0.0047646724391574085,0.9101594280602273,True,102,True,MEASURED,u,1.119112319541789,1.1203509389613868,1.1175594423214141
0.3,2.9785191987722026e-16,6.707474651083424e-06,1.1746456106258564e-08,-0.0017512486766328994,-0.0020589485956159577,-0.0033487451271519892,-0.003937130213786704,0.9122042299501252,True,102,True,MEASURED,v,0.850554831899042,0.8513043778530602,0.8495531291764273
0.3,3.13698478382929e-16,3.4018778857655773e-06,8.469859539723887e-09,-0.002489760016126441,-0.0018772837428395125,-0.004612355912497376,-0.003477725047650256,0.8525303172284295,True,102,True,MEASURED,z,1.326256633086546,1.3273496054968805,1.324859845480754
0.1,1.5087350518801473e-16,1.945634536637939e-07,4.446780336888212e-11,-0.0002285516757207784,-0.0002158813962671926,-0.0002637376979934084,-0.00024911680175415104,0.1539521517909008,True,103,True,MEASURED,u,1.058690927855145,1.0587851185021233,1.0585565668264025
0.1,6.873657334124715e-16,1.1092177467237689e-07,2.3031713437246318e-11,-0.00020763924401023814,-0.00017034514726513376,-0.00023283406575606795,-0.00019101472560553918,0.12133940222103445,True,103,True,MEASURED,v,1.2189325457393745,1.2190233547310223,1.218815715487012
0.1,8.000099274734111e-16,1.169288705592769e-06,2.897300743663403e-11,-2.477831804759134e-05,-1.588249709987146e-05,-3.1394138233544035e-05,-2.0123129765690317e-05,0.26700037400624965,True,103,True,MEASURED,z,1.5601021610003551,1.560105803816522,1.5600810254984745
0.3,1.8104820622561783e-15,3.848945274610227e-06,4.6307997610778485e-09,-0.0012031347370993206,-0.0011364362397407253,-0.002373639281940675,-0.002242051215787359,0.9728790207349217,True,103,True,MEASURED,u,1.058690927855145,1.0590602133350455,1.0578570785979462
0.3,5.498925867299777e-16,1.9621960617327907e-06,2.39848260993817e-09,-0.001222346052320633,-0.0010028004064648122,-0.002095506591804611,-0.0017191325304498522,0.7143317048607275,True,103,True,MEASURED,v,1.2189325457393745,1.2193951332033228,1.2181727871510022
0.3,1.0000124093417638e-15,4.0545155369605845e-05,3.017198641504303e-09,-7.44157622285524e-05,-4.769928796254994e-05,-0.0002825472441018962,-0.0001811081678912128,2.7968736144113078,True,103,True,MEASURED,z,1.5601021610003551,1.5600124221781588,1.5599380064159303
0.1,9.93465547629198e-16,2.9568146425858935e-05,7.996524649938724e-10,2.7044389373509503e-05,3.649119052098403e-05,2.9844867942787697e-05,4.026989654425861e-05,0.10355118507579676,True,104,True,MEASURED,u,0.741121048324192,0.7411082781161142,0.7411353225054877
0.1,2.13462016967613e-16,1.9931590598455947e-05,1.0620672817329073e-09,5.3285625975840745e-05,5.0725388671881124e-05,5.871761697219758e-05,5.589638646924747e-05,0.10194101874339725,True,104,True,MEASURED,v,1.0504725024488348,1.0504467101450259,1.0504999957710017
0.1,1.3439981837412617e-15,2.107975965164642e-05,1.0319674498302594e-09,4.895537078619672e-05,5.049263537179739e-05,5.359548854157147e-05,5.527845907493234e-05,0.09478260874868233,True,104,True,MEASURED,z,0.9695546771468516,0.9695303768885747,0.9695793322593609
0.3,1.9869310952584016e-15,2.2599012632004202e-05,3.648999310932805e-09,0.00016146720081766652,0.00021786886390930726,0.0002686038114850892,0.0003624290688983274,0.6635193409242567,True,104,True,MEASURED,u,0.741121048324192,0.741044953165835,0.7412064203666526
0.3,1.2807721018056767e-15,1.5475974463283354e-05,4.846458866649468e-09,0.0003131601747048407,0.0002981136336027927,0.0005284585527497781,0.0005030674782232271,0.6875024202801654,True,104,True,MEASURED,v,1.0504725024488348,1.050314353649713,1.0506275138244179
0.3,4.0319945512237863e-16,1.5798976173940577e-05,4.709106365806746e-09,0.00029806402098220275,0.00030742363273346065,0.00048235939687414316,0.000497506131674391,0.6183080241776132,True,104,True,MEASURED,z,0.9695546771468516,0.9693978334574007,0.9696958974783829
0.1,0.0,0.00014037661180013963,9.32355185564081e-10,-6.641812860475049e-06,-1.0140803800958615e-05,-7.416111651300258e-06,-1.1323012978787863e-05,0.11657943502639244,True,105,True,MEASURED,u,0.6549592114036558,0.6549640498446203,0.6549574080317598
0.1,3.93322866251815e-16,1.5342784523009927e-05,3.5990428138033966e-09,0.00023457559534945105,0.00014576975795406298,0.0002600631323080053,0.00016160820051565566,0.1086538304233442,True,105,True,MEASURED,v,1.609219900216709,1.6090894634285915,1.609324039023941
0.1,3.465373313259722e-16,1.5910761339237492e-05,2.8991881458777512e-09,0.0001822155511017609,0.00010034874576925502,0.0002015715225999248,0.00011100835989791666,0.10622568370881957,True,105,True,MEASURED,z,1.8158229054576618,1.815723780141474,1.8159059956925758
0.3,4.563424928260122e-16,3.193824379085556e-05,1.1410066130597638e-09,-3.572540245266875e-05,-5.454599588897292e-05,-6.674500486170231e-05,-0.00010190711680909075,0.8682785995239736,True,105,True,MEASURED,u,0.6549592114036558,0.6549990953331685,0.6549633699307158
0.3,1.9666143312590757e-16,3.1806001897678373e-06,4.404471294649815e-09,0.0013847925019998542,0.0008605365256876131,0.0023405681907720474,0.0014544738046409007,0.690194153558678,True,105,True,MEASURED,v,1.609219900216709,1.6082528660743103,1.6096376585763101
0.3,0.0,3.308566749669453e-06,3.5479964054145657e-09,0.0010723665786005476,0.0005905678221028208,0.0018141437033993228,0.0009990752390812497,0.6917197342785562,True,105,True,MEASURED,z,1.8158229054576618,1.815115050897348,1.8161874174759485
0.1,8.566925243847222e-16,9.928926397967022e-07,2.1975222659085513e-10,0.00022132526497109506,0.00022591874744926825,0.00024168470298306844,0.0002467007342461066,0.09198876601201546,True,106,True,MEASURED,u,0.9796675462747744,0.9795581405899334,0.9797794658549045
0.1,4.803158999547376e-16,1.3553958390141647e-06,1.7373962290387363e-10,-0.00012818367734568348,-9.889692111114852e-05,-0.0001396494301887822,-0.0001077430369184358,0.08944783829362371,True,106,True,MEASURED,v,1.2961341556995498,1.2961870428292188,1.2960588591518731
0.1,4.1660361785977515e-16,5.199583938395113e-06,1.7000391690122844e-10,3.26956769840514e-05,1.9920300004254727e-05,3.470431608367572e-05,2.1144091561906528e-05,0.06143439392932917,True,106,True,MEASURED,z,1.64132452709387,1.641303433943153,1.641336129620137
0.3,1.1993695341386125e-15,2.522274015943306e-07,3.434950947177927e-10,0.001361846859407656,0.0013901112316990942,0.0021751623268476154,0.002220306608214959,0.5972150699776303,True,106,True,MEASURED,u,0.9796675462747744,0.9789719246849449,0.9803337715443525
0.3,1.2007897498868434e-16,3.3606662299724275e-07,2.715727123744336e-10,-0.0008080918894961542,-0.0006234631545991554,-0.0012568448716990396,-0.0009696873322659219,0.5553242001756548,True,106,True,MEASURED,v,1.2961341556995498,1.2964220595238585,1.2956139676343623
0.3,8.332072357195503e-16,1.2354221512136512e-06,2.657334237031722e-10,0.0002150952396653416,0.00013104979308765303,0.0003123388447530814,0.00019029682405715873,0.45209557049722426,True,106,True,MEASURED,z,1.64132452709387,1.6411556966002157,1.641370791839881
0.1,4.3884525900170164e-16,5.330946479243382e-05,2.3058528665894227e-09,-4.325409897787402e-05,-4.7749427215357884e-05,-4.81654228745019e-05,-5.317117702577567e-05,0.1135458606857165,True,107,True,MEASURED,u,0.9058558709571702,0.905878139378088,0.9058348852791102
0.1,5.763807866231984e-16,1.3972590171648448e-05,2.3266972557371214e-09,0.0001665186788673001,0.0001894447842037997,0.00018380387175482145,0.0002091097831022541,0.10380332708077779,True,107,True,MEASURED,v,0.878982652212603,0.8788980535199128,0.8790645721987801
0.1,4.674797632173602e-16,4.046615761435439e-05,2.636888814928557e-09,6.516281679269653e-05,4.268874008952341e-05,7.10918225201385e-05,4.657288440595563e-05,0.09098756037977915,True,107,True,MEASURED,z,1.5264638088648734,1.5264310376886052,1.526496200505398
0.3,8.776905180034027e-16,5.889543337902733e-06,1.4815671581599773e-09,-0.0002515589194539425,-0.0002777030292778623,-0.00043348880587051696,-0.00047854059323198085,0.7232098420977823,True,107,True,MEASURED,u,0.9058558709571702,0.9059892351008545,0.9057376761814006
0.3,8.069331012724772e-16,1.517421031939051e-06,1.4949601906646117e-09,0.0009851980163700924,0.0011208389766170252,0.0016542348457933927,0.0018819880479202865,0.6790886890823526,True,107,True,MEASURED,v,0.878982652212603,0.878474776608103,0.8794599746244731
0.3,3.5060982241302017e-16,4.220416636949953e-06,1.6942658937714259e-09,0.00040144517461571105,0.0002629902997269476,0.0006398264026812462,0.0004191559596536005,0.5938076806969442,True,107,True,MEASURED,z,1.5264638088648734,1.5262604999142617,1.5266619450888774
0.1,6.59437557032024e-16,1.2938386054601397e-05,8.614224079805194e-11,6.657881472582616e-06,5.38485019120614e-06,9.211390510269897e-06,7.450111293624532e-06,0.3835317658030889,True,108,True,MEASURED,u,1.2364097860058263,1.2364020746805433,1.2364087325620159
0.1,5.748870484684078e-16,3.424512215370911e-06,5.664756814175729e-11,-1.654179181709292e-05,-1.7840668431564943e-05,-1.6940599863520293e-05,-1.827079125035165e-05,0.024109120150773326,True,108,True,MEASURED,v,0.9271957427237446,0.9272029135529648,0.9271863717611477
0.1,2.1891595057330706e-16,5.052588410958114e-06,5.110376202133623e-11,-1.011437264719639e-05,-5.514848633857098e-06,-1.0673932200794409e-05,-5.819947758376413e-06,0.05532320917136896,True,108,True,MEASURED,z,1.83402543183173,1.8340299246845584,1.8340198103119112
0.3,4.945781677740177e-16,7.987580782494085e-06,1.0346278022114983e-10,1.295295572445454e-05,1.0476264318724425e-05,8.290251459242905e-05,6.705100164262076e-05,5.400277771035163,True,108,True,MEASURED,u,1.2364097860058263,1.2362930163599668,1.2363059693156913
0.3,2.2995481938736326e-16,5.664886285788423e-07,6.803764144530802e-11,-0.00012010416098906518,-0.00012953484949817105,-0.0001524653987716826,-0.00016443712125316481,0.26944310268787214,True,108,True,MEASURED,v,0.9271957427237446,0.9272174723703477,0.9270973682093586
0.3,2.18915950573307e-16,1.0930582631244144e-06,6.137914743688701e-11,-5.6153591722951646e-05,-3.061767342390031e-05,-9.606538980714965e-05,-5.23795298253877e-05,0.7107612685064428,True,108,True,MEASURED,z,1.83402543183173,1.8340287733025653,1.8339726197108424
0.1,0.0,5.113755720805943e-06,1.46910659048964e-09,-0.00028728524996068927,-0.0002303220301268974,-0.0003051861812790703,-0.0002446735460608893,0.06231065229012109,True,109,True,MEASURED,u,1.2473198929447071,1.2474696110721157,1.247182325822155
0.1,3.9675286547916093e-16,8.27116763875482e-06,1.042372866153836e-09,0.0001260248748036208,0.0001405348043779411,0.00013318614418570326,0.00014852058967054259,0.05682425309480826,True,109,True,MEASURED,v,0.8967520562714225,0.8966868138711288,0.8968128387459324
0.1,0.0,1.8005597816747455e-05,1.4635028723501052e-09,-8.128043774191518e-05,-6.336174075723758e-05,-8.598506784561958e-05,-6.702921058480091e-05,0.05788145628155607,True,109,True,MEASURED,z,1.2827999478949104,1.2828423180159398,1.282761037578198
0.3,2.2761000725682575e-16,9.113376916132642e-07,1.7704081958293503e-09,-0.0019426478374831024,-0.001557457592451962,-0.002746675631511632,-0.0022020619145480032,0.4138824230078826,True,109,True,MEASURED,u,1.2473198929447071,1.2483340902947904,1.2463914424573073
0.3,3.9675286547916103e-16,1.4547655109617471e-06,1.2561549157122887e-09,0.0008634758703358614,0.0009628925457122238,0.0011986752976713292,0.0013366853070348832,0.3881977931879986,True,109,True,MEASURED,v,0.8967520562714225,0.8963105759373352,0.8971740518076711
0.3,0.0,3.139927484434298e-06,1.7636552014683058e-09,-0.000561686602703837,-0.0004378598577475554,-0.000773865610610576,-0.000603262895263208,0.3777533715159939,True,109,True,MEASURED,z,1.2827999478949104,1.2830921065521406,1.2825304199494367
0.1,0.0,1.898757230110962e-05,2.629103190339419e-09,0.00013846442023479621,0.00016547196172031432,0.00015359010729071716,0.00018354792018868214,0.1092387996156131,True,110,True,MEASURED,u,0.8367847869528068,0.8367187476097033,0.8368572120299381
0.1,1.558722181305893e-16,3.207117859047674e-05,2.0821801198146003e-09,-6.492371691113608e-05,-6.689174041824757e-05,-7.302735332010647e-05,-7.524102121889331e-05,0.12481781380542631,True,110,True,MEASURED,v,0.9705789758973795,0.9706119886079151,0.970547064891004
0.1,3.9233422701653647e-16,0.00022174933293264741,1.9435191223196214e-09,8.764486894352608e-06,9.185160150620105e-06,9.821844153579606e-06,1.0293267890353123e-05,0.12064109079885851,True,110,True,MEASURED,z,0.9542007706594972,0.954195702084031,0.9542044665709254
0.3,6.007106605000541e-16,2.03108971324584e-06,1.6873996000934905e-09,0.0008307853607297799,0.000992830383251978,0.001382310965616454,0.0016519312816981387,0.6638605239772184,True,110,True,MEASURED,u,0.8367847869528068,0.8363788550272239,0.8372096403879536
0.3,3.1174443626117866e-16,3.5784580231705022e-06,1.3363758084535975e-09,-0.0003734501843533078,-0.0003847705273113119,-0.0006572461798809581,-0.0006771691909700396,0.7599299917848243,True,110,True,MEASURED,v,0.9705789758973795,0.9707732912579349,0.9703998410735816
0.3,3.9233422701653628e-16,2.390907658185462e-05,1.2473810087890831e-09,5.2171860528305025e-05,5.467597819298173e-05,8.839659738221643e-05,9.263941101317809e-05,0.6943347714091631,True,110,True,MEASURED,z,0.9542007706594972,0.9541542865468297,0.954206458407358
0.1,0.0,7.677226813920084e-05,1.2703792822515543e-08,-0.00016547372026942675,-0.0001058981600058869,-0.00017939261128993637,-0.00011480582791831714,0.08411541722665497,True,111,True,MEASURED,u,1.5625740830645976,1.5626433329638896,1.5624778592436201
0.1,0.0,0.00031628098408023863,1.4771440532825487e-08,4.6703536653591726e-05,3.466296474636632e-05,5.153021059048504e-05,3.824528078717672e-05,0.10334707567637967,True,111,True,MEASURED,v,1.3473612830099193,1.347329915243302,1.3473766187799556
0.1,1.9094484430006849e-16,0.006453622039523554,1.0196066712398561e-08,1.579898334602703e-06,9.476257349836601e-07,1.2896041724727583e-06,7.735067978819057e-07,0.183742305293932,True,111,True,MEASURED,z,1.6672176327397283,1.6672084279006367,1.6672100077989713
0.3,7.418669658234646e-16,1.3113758508738252e-05,1.3571098948347247e-08,-0.0010348748559998455,-0.0006622885066480802,-0.001614533501609427,-0.001033252451264854,0.560124388228124,True,111,True,MEASURED,u,1.5625740830645976,1.5628844167190508,1.561849541863051
0.3,1.1227448286580006e-15,5.445524454243195e-05,1.5779907928387236e-08,0.00028977756065518,0.0002150704226915556,0.00046377189531436526,0.0003442075270845904,0.6004410219541786,True,111,True,MEASURED,v,1.3473612830099193,1.3470998902766442,1.3473896678372994
0.3,7.637793772002734e-16,0.0002521293799114473,1.0892166786022159e-08,4.3200704296531e-05,2.591185664557755e-05,1.1606437552254822e-05,6.961561180937149e-06,0.7313368441267099,True,111,True,MEASURED,z,1.6672176327397283,1.667065707684266,1.6671089083885626
0.1,0.0,0.0002622609920371615,9.74336435659672e-09,-3.715140509807924e-05,-4.643072471969561e-05,-4.215619069394342e-05,-5.268555738804822e-05,0.1347132250490018,True,112,True,MEASURED,u,0.8001470001246793,0.8001641704762982,0.8001270190712001
0.1,6.945122459585203e-16,4.5935536104599305e-05,1.1064935585951288e-08,0.00024087964404628792,0.00016688828743113975,0.0002758212063472546,0.0001910967983481363,0.14505817807606952,True,112,True,MEASURED,v,1.4433585948665089,1.4432233221254638,1.44346420176951
0.1,8.859169015735712e-16,0.00012374667555328068,9.98951793604305e-09,8.072554588944847e-05,5.30209770565309e-05,8.970446094793154e-05,5.891837724209715e-05,0.11122767842015537,True,112,True,MEASURED,z,1.5225209034412737,1.5224728154554723,1.5225535410013618
0.3,1.9270455454333647e-15,4.7725530397878776e-05,9.7485988592823e-09,-0.00020426381389604398,-0.0002552828591049088,-0.0003794057162454907,-0.0004741700164924339,0.8574299040484072,True,112,True,MEASURED,u,0.8001470001246793,0.800235339648932,0.800031075835036
0.3,1.7362806148962999e-15,8.772607487513784e-06,1.1070880086528361e-08,0.0012619828371764896,0.0008743377021239867,0.002482390857125291,0.0017198711851332264,0.9670559567032575,True,112,True,MEASURED,v,1.4433585948665089,1.4424573931241973,1.4437193759613738
0.3,1.949017183461856e-15,2.26393341584882e-05,9.994884681712215e-09,0.0004414831554560017,0.0002899685347229983,0.0008073401485313837,0.0005302653951788744,0.8286997783584598,True,112,True,MEASURED,z,1.5225209034412737,1.5221645921704516,1.5226060753259076
