seed,task,h,tau0,predicted_delta,predicted_relative_delta
101,u,0.1,1.212112772700407,1.4926028953540924e-05,1.2314059623584322e-05
101,u,0.3,1.212112772700407,0.0001343342605818683,0.00011082653661225889
101,v,0.1,0.8918481569847553,0.00013051387238294566,0.00014634091169084132
101,v,0.3,0.8918481569847553,0.0011746248514465105,0.0013170682052175715
101,z,0.1,1.6058917505305088,8.906430487551748e-05,5.546096419394081e-05
101,z,0.3,1.6058917505305088,0.000801578743879657,0.0004991486777454671
102,u,0.1,1.119112319541789,-0.0005924670694713646,-0.0005294080487952677
102,u,0.3,1.119112319541789,-0.0053322036252422805,-0.0047646724391574085
102,v,0.1,0.850554831899042,-0.00037208279190577666,-0.00043745891264296717
102,v,0.3,0.850554831899042,-0.0033487451271519892,-0.003937130213786704
102,z,0.1,1.326256633086546,-0.0005124839902774863,-0.00038641389418336185
102,z,0.3,1.326256633086546,-0.004612355912497376,-0.003477725047650256
103,u,0.1,1.058690927855145,-0.0002637376979934084,-0.00024911680175415104
103,u,0.3,1.058690927855145,-0.002373639281940675,-0.002242051215787359
103,v,0.1,1.2189325457393745,-0.00023283406575606795,-0.00019101472560553918
103,v,0.3,1.2189325457393745,-0.002095506591804611,-0.0017191325304498522
103,z,0.1,1.5601021610003551,-3.1394138233544035e-05,-2.0123129765690317e-05
103,z,0.3,1.5601021610003551,-0.0002825472441018962,-0.0001811081678912128
104,u,0.1,0.741121048324192,2.9844867942787697e-05,4.026989654425861e-05
104,u,0.3,0.741121048324192,0.0002686038114850892,0.0003624290688983274
104,v,0.1,1.0504725024488348,5.871761697219758e-05,5.589638646924747e-05
104,v,0.3,1.0504725024488348,0.0005284585527497781,0.0005030674782232271
104,z,0.1,0.9695546771468516,5.359548854157147e-05,5.527845907493234e-05
104,z,0.3,0.9695546771468516,0.00048235939687414316,0.000497506131674391
105,u,0.1,0.6549592114036558,-7.416111651300258e-06,-1.1323012978787863e-05
105,u,0.3,0.6549592114036558,-6.674500486170231e-05,-0.00010190711680909075
105,v,0.1,1.609219900216709,0.0002600631323080053,0.00016160820051565566
105,v,0.3,1.609219900216709,0.0023405681907720474,0.0014544738046409007
105,z,0.1,1.8158229054576618,0.0002015715225999248,0.00011100835989791666
105,z,0.3,1.8158229054576618,0.0018141437033993228,0.0009990752390812497
106,u,0.1,0.9796675462747744,0.00024168470298306844,0.0002467007342461066
106,u,0.3,0.9796675462747744,0.0021751623268476154,0.002220306608214959
106,v,0.1,1.2961341556995498,-0.0001396494301887822,-0.0001077430369184358
106,v,0.3,1.2961341556995498,-0.0012568448716990396,-0.0009696873322659219
106,z,0.1,1.64132452709387,3.470431608367572e-05,2.1144091561906528e-05
106,z,0.3,1.64132452709387,0.0003123388447530814,0.00019029682405715873
107,u,0.1,0.9058558709571702,-4.81654228745019e-05,-5.317117702577567e-05
107,u,0.3,0.9058558709571702,-0.00043348880587051696,-0.00047854059323198085
107,v,0.1,0.878982652212603,0.00018380387175482145,0.0002091097831022541
107,v,0.3,0.878982652212603,0.0016542348457933927,0.0018819880479202865
107,z,0.1,1.5264638088648734,7.10918225201385e-05,4.657288440595563e-05
107,z,0.3,1.5264638088648734,0.0006398264026812462,0.0004191559596536005
108,u,0.1,1.2364097860058263,9.211390510269897e-06,7.450111293624532e-06
108,u,0.3,1.2364097860058263,8.290251459242905e-05,6.705100164262076e-05
108,v,0.1,0.9271957427237446,-1.6940599863520293e-05,-1.827079125035165e-05
108,v,0.3,0.9271957427237446,-0.0001524653987716826,-0.00016443712125316481
108,z,0.1,1.83402543183173,-1.0673932200794409e-05,-5.819947758376413e-06
108,z,0.3,1.83402543183173,-9.606538980714965e-05,-5.23795298253877e-05
109,u,0.1,1.2473198929447071,-0.0003051861812790703,-0.0002446735460608893
109,u,0.3,1.2473198929447071,-0.002746675631511632,-0.0022020619145480032
109,v,0.1,0.8967520562714225,0.00013318614418570326,0.00014852058967054259
109,v,0.3,0.8967520562714225,0.0011986752976713292,0.0013366853070348832
109,z,0.1,1.2827999478949104,-8.598506784561958e-05,-6.702921058480091e-05
109,z,0.3,1.2827999478949104,-0.000773865610610576,-0.000603262895263208
110,u,0.1,0.8367847869528068,0.00015359010729071716,0.00018354792018868214
110,u,0.3,0.8367847869528068,0.001382310965616454,0.0016519312816981387
110,v,0.1,0.9705789758973795,-7.302735332010647e-05,-7.524102121889331e-05
110,v,0.3,0.9705789758973795,-0.0006572461798809581,-0.0006771691909700396
110,z,0.1,0.9542007706594972,9.821844153579606e-06,1.0293267890353123e-05
110,z,0.3,0.9542007706594972,8.839659738221643e-05,9.263941101317809e-05
111,u,0.1,1.5625740830645976,-0.00017939261128993637,-0.00011480582791831714
111,u,0.3,1.5625740830645976,-0.001614533501609427,-0.001033252451264854
111,v,0.1,1.3473612830099193,5.153021059048504e-05,3.824528078717672e-05
111,v,0.3,1.3473612830099193,0.00046377189531436526,0.0003442075270845904
111,z,0.1,1.6672176327397283,1.2896041724727583e-06,7.735067978819057e-07
111,z,0.3,1.6672176327397283,1.1606437552254822e-05,6.961561180937149e-06
112,u,0.1,0.8001470001246793,-4.215619069394342e-05,-5.268555738804822e-05
112,u,0.3,0.8001470001246793,-0.0003794057162454907,-0.0004741700164924339
112,v,0.1,1.4433585948665089,0.0002758212063472546,0.0001910967983481363
112,v,0.3,1.4433585948665089,0.002482390857125291,0.0017198711851332264
112,z,0.1,1.5225209034412737,8.970446094793154e-05,5.891837724209715e-05
112,z,0.3,1.5225209034412737,0.0008073401485313837,0.0005302653951788744
